PersonName,DateOfBirth,GroupName,GroupCategory,Role,Height (inches),StartDate,EndDate,
Adley McBride,2015-08-05,A for Adley,YouTube,Sibling,,2018-03-01,Present,
Adley McBride,2015-08-05,A for Adley,YouTube,Member,,2018-03-01,,
Jenny McBride,1987-08-17,A for Adley,YouTube,Mom,64,2018-03-01,Present,
Jenny McBride,1987-08-17,A for Adley,YouTube,Member,64,2018-03-01,Present,
Navey McBride,2021-06-25,A for Adley,YouTube,Sibling,,2021-06-25,Present,
Niko McBride,2018-06-03,A for Adley,YouTube,Sibling,,2018-06-03,Present,
Shaun,,A for Adley,YouTube,Member,,2018-03-01,,
Shaun McBride,1987-07-07,A for Adley,YouTube,Dad,74,2018-03-01,Present,
Disney Broadway musical,,Aladdin the Musical,Musical/Show,Actor,,,,
Anas Marwah,1992-11-18,Anasala Family,YouTube,Dad,70,2017-09-14,Present,
Asala Maleh,1995-09-20,Anasala Family,YouTube,Mom,66,2017-09-14,Present,
Mila Marwah,2018-02-14,Anasala Family,YouTube,Sibling,,2018-02-14,Present,
Noah Marwah,2020-12-30,Anasala Family,YouTube,Sibling,,2020-12-30,Present,
Stage adaptation of Bluey,,Bluey’s Big Play,Musical/Show,Actor,,,,
Carter Sharer,,Carter Sharer,YouTube,Member,,,,
Solo channel,,Chad Wild Clay,YouTube,Member,,,,
Miranda Cosgrove,,Despicable Me 1,Movie,Actor,,,,
Steve Carell,,Despicable Me 1,Movie,Actor,,,,
Kristen Wiig,,Despicable Me 2,Movie,Actor,,,,
Steve Carell,,Despicable Me 2,Movie,Actor,,,,
Kristen Wiig,,Despicable Me 3,Movie,Actor,,,,
Steve Carell,,Despicable Me 3,Movie,Actor,,,,
Touring ice show,,Disney on Ice,Musical/Show,Actor,,,,
Ellie Mecham,1991-04-19,Ellie and Jared,YouTube,Mom,65,2014-01-15,Present,
Jared Mecham,1988-08-19,Ellie and Jared,YouTube,Dad,73,2014-01-15,Present,
Amanda Diamond,1985-06-25,Familia Diamond,YouTube,Mom,,2017-10-11,Present,
Biggs Diamond,1980-12-19,Familia Diamond,YouTube,Dad,,2017-10-11,Present,
Exzavier Diamond,2021-03-24,Familia Diamond,YouTube,Sibling,,2021-03-24,Present,
March Pom,2019-12-25,Familia Diamond,YouTube,Pet,,2019-12-25,Present,
Ranger Diamond,2015-01-20,Familia Diamond,YouTube,Sibling,,2017-10-11,Present,
Txunamy,2009-03-23,Familia Diamond,YouTube,Sibling,55,2017-10-11,Present,
Alyssa Fun Pack,1984-01-08,Family Fun Pack,YouTube,Mom,,2011-10-04,Present,
Chris Fun Pack,2008-05-22,Family Fun Pack,YouTube,Sibling,,2011-10-04,Present,
David Fun Pack,2006-09-19,Family Fun Pack,YouTube,Sibling,,2011-10-04,Present,
Michael Fun Pack,2011-09-29,Family Fun Pack,YouTube,Sibling,,2011-10-04,Present,
Owen Fun Pack,2015-07-06,Family Fun Pack,YouTube,Sibling,,2015-07-06,Present,
Zac Fun Pack,2006-09-19,Family Fun Pack,YouTube,Sibling,,2011-10-04,Present,
Idina Menzel,,Frozen 1,Movie,Actor,,,,
Josh Gad,,Frozen 1,Movie,Actor,,,,
Kristen Bell,,Frozen 1,Movie,Actor,,,,
Idina Menzel,,Frozen 2,Movie,Actor,,,,
Josh Gad,,Frozen 2,Movie,Actor,,,,
Kristen Bell,,Frozen 2,Movie,Actor,,,,
Disney Broadway musical,,Frozen the Musical,Musical/Show,Actor,,,,
Alyssa Butler,1982-04-12,Fun Squad,YouTube,Mom,,2017-01-01,Present,
Ashton Myler,2006-01-30,Fun Squad,YouTube,Sibling,64,2017-01-01,Present,
Bryton Myler,2004-02-27,Fun Squad,YouTube,Sibling,66,2017-01-01,Present,
Kayson Myler,2016-05-20,Fun Squad,YouTube,Sibling,,2017-01-01,Present,
Paxton Myler,2008-09-06,Fun Squad,YouTube,Sibling,60,2017-01-01,Present,
Payton Myler,2008-09-06,Fun Squad,YouTube,Sibling,60,2017-01-01,Present,
Shane Butler,1981-01-09,Fun Squad,YouTube,Dad,,2017-01-01,Present,
Grace Sharer,2002-03-11,Grace Sharer,YouTube,Member,65,,Present,
Gracie Haschak,2002-04-07,Haschak Sisters,Band,Sibling,67,2015-01-13,Present,
Madison Haschak,2000-06-27,Haschak Sisters,Band,Sibling,68,2015-01-13,Present,
Olivia Haschak,2005-09-01,Haschak Sisters,Band,Sibling,62,2015-01-13,Present,
Sierra Haschak,2003-11-14,Haschak Sisters,Band,Sibling,66,2015-01-13,Present,
Adam Sandler,,Hotel Transylvania 1,Movie,Actor,,,,
Andy Samberg,,Hotel Transylvania 1,Movie,Actor,,,,
Selena Gomez,,Hotel Transylvania 1,Movie,Actor,,,,
Adam Sandler,,Hotel Transylvania 2,Movie,Actor,,,,
Andy Samberg,,Hotel Transylvania 2,Movie,Actor,,,,
Selena Gomez,,Hotel Transylvania 2,Movie,Actor,,,,
Adam Sandler,,Hotel Transylvania 3,Movie,Actor,,,,
Andy Samberg,,Hotel Transylvania 3,Movie,Actor,,,,
Selena Gomez,,Hotel Transylvania 3,Movie,Actor,,,,
Andy Samberg,,Hotel Transylvania 4,Movie,Actor,,,,
Brian Hull,,Hotel Transylvania 4,Movie,Actor,,,,
Selena Gomez,,Hotel Transylvania 4,Movie,Actor,,,,
Caleb J House,2015-08-25,J House Vlogs,YouTube,Sibling,,2015-08-25,Present,
Elise J House,2013-02-08,J House Vlogs,YouTube,Sibling,,2014-08-16,Present,
Isaac J House,2009-08-31,J House Vlogs,YouTube,Sibling,,2014-08-16,Present,
Janae J House,2019-08-28,J House Vlogs,YouTube,Sibling,,2019-08-28,Present,
Jeremy J House,1980-01-19,J House Vlogs,YouTube,Dad,72,2014-08-16,Present,
Laura J House,2017-02-12,J House Vlogs,YouTube,Sibling,,2017-02-12,Present,
Thera J House,1982-12-05,J House Vlogs,YouTube,Mom,,2014-08-16,Present,
Hudson Matter,2005-03-29,Jordan Matter,YouTube,Sibling,71,2006-11-29,Present,
Jordan Matter,1966-10-06,Jordan Matter,YouTube,Dad,70,2006-11-29,Present,
Salish Matter,2009-11-29,Jordan Matter,YouTube,Sibling,57,2006-11-29,Present,
Karolina Protsenko,2008-10-03,Karolina Protsenko,YouTube,Creator,59,2016-12-07,Present,
Rotating Kidz Bop Kids,,KIDZ BOP,Band,Member,,2001-10-09,,
Ahnya O'Riordan,2004-05-21,Kidz Bop,Band,Alumni,,2015,2018,
Ashton Morrison,2003-05-04,Kidz Bop,Band,Alumni,,2013,2015,
Becca King,1996-03-01,Kidz Bop,Band,Alumni,,2007,2009,
Bryce Hitchcock,2003-03-10,Kidz Bop,Band,Alumni,,2012,2014,
Charisma Kain,1999-07-18,Kidz Bop,Band,Alumni,,2009,2011,
Cooper Hounshell,2005-07-10,Kidz Bop,Band,Alumni,,2017,2019,
Egan Timbre,2008-07-29,Kidz Bop,Band,Member,,2021,Present,
Eva Agathis,2002-09-01,Kidz Bop,Band,Alumni,,2011,2013,
Freddy Pome'e,2005-08-15,Kidz Bop,Band,Alumni,,2017,2020,
Grant Knoche,2002-08-23,Kidz Bop,Band,Alumni,68,2014,2016,
Harrison Dougla,1996-10-05,Kidz Bop,Band,Alumni,,2009,2011,
Isaiah Morgan,2005-04-09,Kidz Bop,Band,Alumni,,2017,2019,
Jackson Jusino,2010-08-01,Kidz Bop,Band,Member,,2023,Present,
Jayna Brown,2001-09-26,Kidz Bop,Band,Alumni,63,2014,2016,
Julianna Revilla,2005-09-28,Kidz Bop,Band,Alumni,63,2017,2020,
Kiana Brown,1997-04-03,Kidz Bop,Band,Alumni,65,2008,2011,
Kiya Barczyszyn,2010-05-24,Kidz Bop,Band,Member,,2023,Present,
Livvy Stubenrauch,2005-04-18,Kidz Bop,Band,Alumni,,2017,2019,
Matt Martinez,2002-03-20,Kidz Bop,Band,Alumni,,2014,2016,
Shila Omouryi,2011-09-21,Kidz Bop,Band,Member,,2023,Present,
Steffan Argus,1998-09-01,Kidz Bop,Band,Alumni,,2011,2013,
Tyler Pooley,2011-12-07,Kidz Bop,Band,Member,,2023,Present,
Ben Stiller,,Madagascar 1,Movie,Actor,,,,
Chris Rock,,Madagascar 1,Movie,Actor,,,,
David Schwimmer,,Madagascar 1,Movie,Actor,,,,
Jada Pinkett Smith,,Madagascar 1,Movie,Actor,,,,
Ben Stiller,,Madagascar 2,Movie,Actor,,,,
Chris Rock,,Madagascar 2,Movie,Actor,,,,
David Schwimmer,,Madagascar 2,Movie,Actor,,,,
Jada Pinkett Smith,,Madagascar 2,Movie,Actor,,,,
Ben Stiller,,Madagascar 3,Movie,Actor,,,,
Chris Rock,,Madagascar 3,Movie,Actor,,,,
David Schwimmer,,Madagascar 3,Movie,Actor,,,,
Jada Pinkett Smith,,Madagascar 3,Movie,Actor,,,,
Stage & film versions,,Matilda the Musical,Musical/Show,Actor,,,,
Pierre Coffin,,Minions 1,Movie,Actor,,,,
Sandra Bullock,,Minions 1,Movie,Actor,,,,
Pierre Coffin,,Minions 2,Movie,Actor,,,,
Steve Carell,,Minions 2,Movie,Actor,,,,
Adrien Agreste,,Miraculous,TV/Animated,Character (Cat Noir),,2015-10-19,Present,
Alya Césaire,,Miraculous,TV/Animated,Character (Rena Rouge),,2015-10-19,Present,
Ben Diskin,1982-08-25,Miraculous,TV/Animated,Voice Actor (Carapace),68,2015-10-19,Present,
Bryce Papenbrook,1986-02-24,Miraculous,TV/Animated,Voice Actor (Cat Noir),67,2015-10-19,Present,
Carrie Keranen,1976-01-16,Miraculous,TV/Animated,Voice Actor (Rena Rouge),,2015-10-19,Present,
Gabriel Agreste,,Miraculous,TV/Animated,Character (Hawk Moth),,2015-10-19,Present,
Keith Silverstein,1970-12-24,Miraculous,TV/Animated,Voice Actor (Hawk Moth),71,2015-10-19,Present,
Marinette Dupain-Cheng,,Miraculous,TV/Animated,Character (Ladybug),,2015-10-19,Present,
Nino Lahiffe,,Miraculous,TV/Animated,Character (Carapace),,2015-10-19,Present,
Bryce Papenbrook,1986-02-24,Miraculous (Voice Cast),TV/Animated,Voice Actor,67,2015-10-19,Present,
Cristina Vee,1987-07-11,Miraculous (Voice Cast),TV/Animated,Voice Actor,61,2015-10-19,Present,
Keith Silverstein,1970-12-24,Miraculous (Voice Cast),TV/Animated,Voice Actor,71,2015-10-19,Present,
Animated superhero series,,Miraculous: Tales of Ladybug & Cat Noir,TV/Animated,Actor,,2015-10-19,,
Bryce Papenbrook,1986-02-24,Miraculous: Tales of Ladybug & Cat Noir,TV/Animated,Actor,67,2015-10-19,,
Cristina Vee,1987-07-11,Miraculous: Tales of Ladybug & Cat Noir,TV/Animated,Actor,61,2015-10-19,Present,
Keith Silverstein,1970-12-24,Miraculous: Tales of Ladybug & Cat Noir,TV/Animated,Actor,,2015-10-19,,
Auli'i Cravalho,,Moana 1,Movie,Actor,,,,
Dwayne Johnson,,Moana 1,Movie,Actor,,,,
Ashton,,Ninja Kids,Band,Member,,,,
Bryton,,Ninja Kids,Band,Member,,,,
Kayson,,Ninja Kids,Band,Member,,,,
Paxton,,Ninja Kids,Band,Member,,,,
Payton,,Ninja Kids,Band,Member,,,,
Ashton,,Ninja Kids TV / Fun Squad,YouTube,Member,,2017-01-01,,
Bryton,,Ninja Kids TV / Fun Squad,YouTube,Member,,2017-01-01,,
Kayson,,Ninja Kids TV / Fun Squad,YouTube,Member,,2017-01-01,,
Paxton,,Ninja Kids TV / Fun Squad,YouTube,Member,,2017-01-01,,
Payton,,Ninja Kids TV / Fun Squad,YouTube,Member,,2017-01-01,,
Shane & Alyssa Butler,,Ninja Kids TV / Fun Squad,YouTube,Member,,2017-01-01,,
Biggy Norris,2009-01-30,Norris Nuts,YouTube,Sibling,,2014-06-27,Present,
Brooke Norris,1980-03-19,Norris Nuts,YouTube,Mom,,2014-06-27,Present,
Charm Norris,2019-12-09,Norris Nuts,YouTube,Sibling,,2019-12-09,Present,
Disco Norris,2018-06-20,Norris Nuts,YouTube,Sibling,,2018-06-20,Present,
Justin Norris,1980-04-01,Norris Nuts,YouTube,Dad,72,2014-06-27,Present,
Naz Norris,2010-11-08,Norris Nuts,YouTube,Sibling,55,2014-06-27,Present,
Sabre Norris,2005-01-03,Norris Nuts,YouTube,Sibling,58,2014-06-27,Present,
Sockie Norris,2007-03-13,Norris Nuts,YouTube,Sibling,60,2014-06-27,Present,
Beckham,,Not Enough Nelsons,YouTube,Member,,2018-12-12,,
Beckham Nelson,2013-04-11,Not Enough Nelsons,YouTube,Sibling,,2018-12-12,Present,
Benji Nelson,1983-03-28,Not Enough Nelsons,YouTube,Dad,70,2018-12-12,Present,
Bridger,,Not Enough Nelsons,YouTube,Member,,2018-12-12,,
Bridger Nelson,2000-09-11,Not Enough Nelsons,YouTube,Sibling,,2018-12-12,Present,
DeLayNee,,Not Enough Nelsons,YouTube,Member,,2018-12-12,,
DeLayNee Nelson,2009-01-13,Not Enough Nelsons,YouTube,Sibling,,2018-12-12,Present,
ElleCee,,Not Enough Nelsons,YouTube,Member,,2018-12-12,,
ElleCee Nelson,2012-07-14,Not Enough Nelsons,YouTube,Sibling,,2018-12-12,Present,
JourNee,,Not Enough Nelsons,YouTube,Member,,2018-12-12,,
JourNee Nelson,1999-10-05,Not Enough Nelsons,YouTube,Sibling,,2018-12-12,Present,
KassaDee,,Not Enough Nelsons,YouTube,Member,,2018-12-12,,
KassaDee Nelson,1999-03-20,Not Enough Nelsons,YouTube,Sibling,64,2018-12-12,Present,
Kassidy,,Not Enough Nelsons,YouTube,Member,,2018-12-12,,
Kassidy Nelson,1998-03-29,Not Enough Nelsons,YouTube,Sibling,64,2018-12-12,Present,
KennaDee,,Not Enough Nelsons,YouTube,Member,,2018-12-12,,
KennaDee Nelson,1997-05-27,Not Enough Nelsons,YouTube,Sibling,64,2018-12-12,Present,
Ledger,,Not Enough Nelsons,YouTube,Member,,2018-12-12,,
Ledger Nelson,2014-07-28,Not Enough Nelsons,YouTube,Sibling,,2018-12-12,Present,
Luke,,Not Enough Nelsons,YouTube,Member,,2018-12-12,,
Luke Nelson,2009-10-06,Not Enough Nelsons,YouTube,Sibling,,2018-12-12,Present,
NayVee,,Not Enough Nelsons,YouTube,Member,,2018-12-12,,
NayVee Nelson,2007-11-12,Not Enough Nelsons,YouTube,Sibling,61,2018-12-12,Present,
PresLee Grace,,Not Enough Nelsons,YouTube,Member,,2018-12-12,,
PresLee Grace Nelson,2011-06-14,Not Enough Nelsons,YouTube,Sibling,,2018-12-12,Present,
SaiDee,,Not Enough Nelsons,YouTube,Member,,2018-12-12,,
SaiDee Nelson,2006-08-26,Not Enough Nelsons,YouTube,Sibling,,2018-12-12,Present,
Tiffany & Benji,,Not Enough Nelsons,YouTube,Member,,2018-12-12,,
Tiffany Nelson,1983-05-01,Not Enough Nelsons,YouTube,Mom,64,2018-12-12,Present,
Trey,,Not Enough Nelsons,YouTube,Member,,2018-12-12,,
Trey Nelson,2004-05-07,Not Enough Nelsons,YouTube,Sibling,,2018-12-12,Present,
Chris Miller,,Penguins of Madagascar,Movie,Actor,,,,
Conrad Vernon,,Penguins of Madagascar,Movie,Actor,,,,
Tom McGrath,,Penguins of Madagascar,Movie,Actor,,,,
Antonio Banderas,,Puss in Boots 1,Movie,Actor,,,,
Salma Hayek,,Puss in Boots 1,Movie,Actor,,,,
Antonio Banderas,,Puss in Boots 2,Movie,Actor,,,,
Harvey Guillen,,Puss in Boots 2,Movie,Actor,,,,
Salma Hayek,,Puss in Boots 2,Movie,Actor,,,,
Blackjack Zamolo,2021-12-31,Rebecca Zamolo,YouTube,Pet,,2021-12-31,Present,
Matt Slays,1980-07-17,Rebecca Zamolo,YouTube,Member,70,2015-05-05,Present,
Rebecca Zamolo,1984-09-28,Rebecca Zamolo,YouTube,Creator,65,2011-05-26,Present,
Zadie Zamolo,2022-02-23,Rebecca Zamolo,YouTube,Sibling,,2022-02-23,Present,
Zander Zamolo,2024-05-11,Rebecca Zamolo,YouTube,Sibling,,2024-05-11,Present,
Ferran Espada,2010-07-26,Royalty Family,YouTube,Sibling,60,2017-04-13,Present,
Milan Espada,2020-06-01,Royalty Family,YouTube,Sibling,,2020-06-01,Present,
Emma Kaji,2016-10-22,Ryan's World (Kaji Family),YouTube,Sibling,,2015-03-17,Present,
Kate Kaji,2016-10-22,Ryan's World (Kaji Family),YouTube,Sibling,,2015-03-17,Present,
Loann Kaji,1984-04-18,Ryan's World (Kaji Family),YouTube,Mom,,2015-03-17,Present,
Ryan Kaji,2011-10-06,Ryan's World (Kaji Family),YouTube,Creator,53,2015-03-17,Present,
Shion Kaji,1987-03-23,Ryan's World (Kaji Family),YouTube,Dad,,2015-03-17,Present,
Carter Sharer,1993-10-23,Sharer Fam,YouTube,Sibling,73,2009-09-24,Present,
Grace Sharer,2002-03-11,Sharer Fam,YouTube,Sibling,65,2018-02-08,Present,
Stephen Sharer,1998-03-01,Sharer Fam,YouTube,Creator/Musician,73,2006-02-02,Present,
Blake Yeager,2018-09-26,Shot of the Yeagers,YouTube,Sibling,,2018-09-26,Present,
Jamie Yeager,1982-02-14,Shot of the Yeagers,YouTube,Mom,63,2015-08-09,Present,
Jordyn Yeager,2013-02-04,Shot of the Yeagers,YouTube,Sibling,,2015-08-09,Present,
Parker Yeager,2015-02-18,Shot of the Yeagers,YouTube,Sibling,,2015-08-09,Present,
Payton Yeager,2010-04-26,Shot of the Yeagers,YouTube,Sibling,,2015-08-09,Present,
Stephen Yeager,2007-06-21,Shot of the Yeagers,YouTube,Sibling,,2015-08-09,Present,
Steve Yeager,1978-10-22,Shot of the Yeagers,YouTube,Dad,70,2015-08-09,Present,
Taylor Yeager,2011-05-18,Shot of the Yeagers,YouTube,Sibling,,2015-08-09,Present,
Blake,,Shot of the Yeagers (SOTY),YouTube,Member,,2015-08-09,,
Jordyn,,Shot of the Yeagers (SOTY),YouTube,Member,,2015-08-09,,
Parker,,Shot of the Yeagers (SOTY),YouTube,Member,,2015-08-09,,
Payton,,Shot of the Yeagers (SOTY),YouTube,Member,,2015-08-09,,
Stephen,,Shot of the Yeagers (SOTY),YouTube,Member,,2015-08-09,,
Steve & Jamie Yeager,,Shot of the Yeagers (SOTY),YouTube,Member,,2015-08-09,,
Taylor,,Shot of the Yeagers (SOTY),YouTube,Member,,2015-08-09,,
Cameron Diaz,,Shrek 1,Movie,Actor,,,,
Eddie Murphy,,Shrek 1,Movie,Actor,,,,
Mike Myers,,Shrek 1,Movie,Actor,,,,
Antonio Banderas,,Shrek 2,Movie,Actor,,,,
Cameron Diaz,,Shrek 2,Movie,Actor,,,,
Eddie Murphy,,Shrek 2,Movie,Actor,,,,
Mike Myers,,Shrek 2,Movie,Actor,,,,
Cameron Diaz,,Shrek 3,Movie,Actor,,,,
Eddie Murphy,,Shrek 3,Movie,Actor,,,,
Justin Timberlake,,Shrek 3,Movie,Actor,,,,
Mike Myers,,Shrek 3,Movie,Actor,,,,
Cameron Diaz,,Shrek 4,Movie,Actor,,,,
Eddie Murphy,,Shrek 4,Movie,Actor,,,,
Mike Myers,,Shrek 4,Movie,Actor,,,,
Stage musical adaptation,,Shrek the Musical,Musical/Show,Actor,,,,
Brian d'Arcy James,1968-06-29,Shrek the Musical - Broadway (2008),Musical/Show,Shrek,70,2008,2010,
Christopher Sieber,1969-02-18,Shrek the Musical - Broadway (2008),Musical/Show,Lord Farquaad,74,2008,2010,
Daniel Breaker,1980-06-02,Shrek the Musical - Broadway (2008),Musical/Show,Donkey,70,2008,2010,
Haven Burton,1981-05-22,Shrek the Musical - Broadway (2008),Musical/Show,Princess Fiona (Standby/Replacement),,2008,2010,
John Tartaglia,1978-02-16,Shrek the Musical - Broadway (2008),Musical/Show,Pinocchio,69,2008,2010,
Sutton Foster,1975-03-18,Shrek the Musical - Broadway (2008),Musical/Show,Princess Fiona,69,2008,2010,
Erika Henningsen,1992-08-13,Shrek the Musical - US Tour,Musical/Show,Princess Fiona,66,2013,2014,
Cecily Dionne Davis,,Shrek the Musical - US Tour (2024),Musical/Show,Princess Fiona,,2024,Present,
Jamir Brown,,Shrek the Musical - US Tour (2024),Musical/Show,Lord Farquaad,,2024,Present,
Nicholas Hambruch,,Shrek the Musical - US Tour (2024),Musical/Show,Shrek,,2024,Present,
Timmy Lewis,,Shrek the Musical - US Tour (2024),Musical/Show,Donkey,,2024,Present,
Tori Kocher,,Shrek the Musical - US Tour (2024),Musical/Show,Dragon,,2024,Present,
Daddy,1973-06-07,Sienna's Family,Family,Dad,69,1973-06-07,Present,
Mommy,1975-04-21,Sienna's Family,Family,Mom,63,1975-04-21,Present,
Sienna,2010-11-24,Sienna's Family,Family,Daughter,58,2010-11-24,Present,
Matthew McConaughey,,Sing 1,Movie,Actor,,,,
Reese Witherspoon,,Sing 1,Movie,Actor,,,,
Scarlett Johansson,,Sing 1,Movie,Actor,,,,
Bono,,Sing 2,Movie,Actor,,,,
Matthew McConaughey,,Sing 2,Movie,Actor,,,,
Reese Witherspoon,,Sing 2,Movie,Actor,,,,
Scarlett Johansson,,Sing 2,Movie,Actor,,,,
Hank Azaria,,Smurfs 1,Movie,Actor,,,,
Katy Perry,,Smurfs 1,Movie,Voice Actor,,,,
Neil Patrick Harris,,Smurfs 1,Movie,Actor,,,,
Hank Azaria,,Smurfs 2,Movie,Actor,,,,
Katy Perry,,Smurfs 2,Movie,Voice Actor,,,,
Neil Patrick Harris,,Smurfs 2,Movie,Actor,,,,
Demi Lovato,,Smurfs 3,Movie,Actor,,,,
Rainn Wilson,,Smurfs 3,Movie,Actor,,,,
Broadway musical,,SpongeBob SquarePants: The Musical,Musical/Show,Actor,,,,
Chad,,Spy Ninjas,Band,Member,,,,
Daniel,,Spy Ninjas,Band,Member,,,,
Melvin,,Spy Ninjas,Band,Member,,,,
Regina,,Spy Ninjas,Band,Member,,,,
Vy,,Spy Ninjas,Band,Member,,,,
Chad Wild Clay,1984-03-10,Spy Ninjas,YouTube,Original Member,75,2018-04-21,Present,
Daniel Gizmo,1993-10-15,Spy Ninjas,YouTube,Original Member,70,2018-04-21,2023,
Justin,,Spy Ninjas,YouTube,New Member,,2023,Present,
Melvin Achanzar,1990-09-18,Spy Ninjas,YouTube,Project Zorgo (PZ9),68,2018-04-21,2023,
Melvin PZ9,,Spy Ninjas,YouTube,Member,,2018-04-21,,
Regina Ginera,1998-11-19,Spy Ninjas,YouTube,Original Member,65,2018-04-21,2023,
Regina Ginera,1998-11-19,Spy Ninjas,YouTube,Member,,2018-04-21,,
Vy Qwaint,1986-01-03,Spy Ninjas,YouTube,Original Member,61,2018-04-21,Present,
Stephen Sharer,1998-03-01,Stephen Sharer,Band,Member,73,,Present,
Stephen Sharer,1998-03-01,Stephen Sharer,YouTube,Member,73,,Present,
Emma Stone,,The Croods 1,Movie,Actor,,,,
Nicolas Cage,,The Croods 1,Movie,Actor,,,,
Ryan Reynolds,,The Croods 1,Movie,Actor,,,,
Emma Stone,,The Croods 2,Movie,Actor,,,,
Kelly Marie Tran,,The Croods 2,Movie,Actor,,,,
Nicolas Cage,,The Croods 2,Movie,Actor,,,,
Ryan Reynolds,,The Croods 2,Movie,Actor,,,,
Cole LaBrant,1996-08-21,The LaBrant Family,YouTube,Dad,73,2012-08-15,Present,
Everleigh Soutas,2012-12-14,The LaBrant Family,YouTube,Sibling,48,2012-08-15,Present,
Posie Rayne LaBrant,2018-12-28,The LaBrant Family,YouTube,Sibling,,2018-12-28,Present,
Savannah LaBrant,1993-03-02,The LaBrant Family,YouTube,Mom,63,2012-08-15,Present,
Sunday LaBrant,2022-06-11,The LaBrant Family,YouTube,Sibling,,2022-06-11,Present,
Zealand LaBrant,2020-07-29,The LaBrant Family,YouTube,Sibling,,2020-07-29,Present,
Cory LeRoy,1978-06-18,The LeRoys,YouTube,Dad,,2016-01-27,Present,
Kesley LeRoy,1993-12-23,The LeRoys,YouTube,Sibling,64,2016-01-27,Present,
Perri LeRoy,2011-04-20,The LeRoys,YouTube,Sibling,,2016-01-27,Present,
Reese LeRoy,2009-02-13,The LeRoys,YouTube,Sibling,,2016-01-27,Present,
Rhett LeRoy,2007-11-24,The LeRoys,YouTube,Sibling,,2016-01-27,Present,
Shanna LeRoy,1980-10-21,The LeRoys,YouTube,Mom,,2016-01-27,Present,
Broadway & touring,,The Lion King Musical,Musical/Show,Actor,,,,
6 kids,,The Ohana Adventure,YouTube,Member,,2015-12-22,,
Cora Bennett,2013-07-15,The Ohana Adventure,YouTube,Sibling,,2015-12-22,Present,
Evelin Bennett,2012-03-24,The Ohana Adventure,YouTube,Sibling,,2015-12-22,Present,
Jase & Rachel Bennett,,The Ohana Adventure,YouTube,Member,,2015-12-22,,
Jase Bennett,1981-01-12,The Ohana Adventure,YouTube,Dad,,2015-12-22,Present,
Klai Bennett,2004-06-25,The Ohana Adventure,YouTube,Sibling,64,2015-12-22,Present,
Rachel Bennett,1982-11-20,The Ohana Adventure,YouTube,Mom,66,2015-12-22,Present,
Rykel Bennett,2005-12-07,The Ohana Adventure,YouTube,Sibling,64,2015-12-22,Present,
Shae Bennett,2007-07-24,The Ohana Adventure,YouTube,Sibling,,2015-12-22,Present,
Wyatt Bennett,2009-08-22,The Ohana Adventure,YouTube,Sibling,,2015-12-22,Present,
Allie,,The Tannerites,YouTube,Member,,2015-08-20,,
Allie Tanner,2001-01-28,The Tannerites,YouTube,Sibling,,2015-08-20,Present,
Azbury,,The Tannerites,YouTube,Member,,2015-08-20,,
Azbury Tanner,2011-01-21,The Tannerites,YouTube,Sibling,,2015-08-20,Present,
Branson,,The Tannerites,YouTube,Member,,2015-08-20,,
Branson Tanner,1998-10-22,The Tannerites,YouTube,Sibling,,2015-08-20,Present,
Canyon,,The Tannerites,YouTube,Member,,2015-08-20,,
Canyon Tanner,2013-02-09,The Tannerites,YouTube,Sibling,,2015-08-20,Present,
Daniell,,The Tannerites,YouTube,Member,,2015-08-20,,
Daniell Tanner,2003-09-17,The Tannerites,YouTube,Sibling,,2015-08-20,Present,
Johnny Tanner,1979-05-16,The Tannerites,YouTube,Dad,,2015-08-20,Present,
Lizzy,,The Tannerites,YouTube,Member,,2015-08-20,,
Lizzy Tanner,2008-07-28,The Tannerites,YouTube,Sibling,,2015-08-20,Present,
Sarah & Johnny Tanner,,The Tannerites,YouTube,Member,,2015-08-20,,
Sarah Tanner,1980-02-21,The Tannerites,YouTube,Mom,,2015-08-20,Present,
Savannah,,The Tannerites,YouTube,Member,,2015-08-20,,
Savannah Tanner,2016-06-12,The Tannerites,YouTube,Sibling,,2016-06-12,Present,
Gabriella Weiss,2002-09-25,The Weiss Life,YouTube,Sibling,63,2014-07-13,Present,
Gracelynn Weiss,2011-09-29,The Weiss Life,YouTube,Sibling,,2014-07-13,Present,
Gretchen Weiss,2014-04-05,The Weiss Life,YouTube,Sibling,,2014-07-13,Present,
Gwyneth Weiss,2008-02-10,The Weiss Life,YouTube,Sibling,,2014-07-13,Present,
Jagger Weiss,2018-06-16,The Weiss Life,YouTube,Sibling,,2018-06-16,Present,
Jeff Weiss,1974-06-03,The Weiss Life,YouTube,Dad,,2014-07-13,Present,
Melissa Weiss,1978-03-12,The Weiss Life,YouTube,Mom,,2014-07-13,Present,
Addy Tic Tac Toy,2009-04-27,Tic Tac Toy,YouTube,Sibling,,2016-01-01,Present,
Colin Tic Tac Toy,2013-07-22,Tic Tac Toy,YouTube,Sibling,,2016-01-01,Present,
Jason Tic Tac Toy,1977-03-24,Tic Tac Toy,YouTube,Dad,,2016-01-01,Present,
Lucy Tic Tac Toy,1979-03-26,Tic Tac Toy,YouTube,Mom,,2016-01-01,Present,
Maya Tic Tac Toy,2011-04-18,Tic Tac Toy,YouTube,Sibling,,2016-01-01,Present,
Chris Evans,,TMNT 2007,Movie,Actor,,,,
Sarah Michelle Gellar,,TMNT 2007,Movie,Actor,,,,
Johnny Knoxville,,TMNT 2014,Movie,Voice Actor,,,,
Megan Fox,1986-05-16,TMNT 2014,Movie,Actor,64,,,
Megan Fox,1986-05-17,TMNT 2016,Movie,Actor,64,,,
Stephen Amell,,TMNT 2016,Movie,Actor,,,,
Brady Noon,,TMNT 2023,Movie,Actor,,,,
Micah Abbey,,TMNT 2023,Movie,Actor,,,,
Nicolas Cantu,,TMNT 2023,Movie,Actor,,,,
Shamon Brown Jr.,,TMNT 2023,Movie,Actor,,,,
Madison,2015-06-23,Trinity and Beyond,YouTube,Sibling,,2016-10-24,Present,
Trinity,2013-12-09,Trinity and Beyond,YouTube,Sibling,,2016-10-24,Present,
Anna Kendrick,,Trolls 1,Movie,Actor,,,,
Justin Timberlake,,Trolls 1,Movie,Actor,,,,
Anna Kendrick,,Trolls 2,Movie,Actor,,,,
Justin Timberlake,,Trolls 2,Movie,Actor,,,,
Rachel Bloom,,Trolls 2,Movie,Actor,,,,
Anna Kendrick,,Trolls 3,Movie,Actor,,,,
Justin Timberlake,,Trolls 3,Movie,Actor,,,,
Touring stage show,,Trolls LIVE!,Musical/Show,Actor,,,,
Nikita,2007-08-31,Vlad and Nikita,YouTube,Sibling,,2018-04-23,Present,
Vlad,2013-02-26,Vlad and Nikita,YouTube,Sibling,,2018-04-23,Present,
Vy Qwaint,1986-01-03,Vy Qwaint,YouTube,Member,61,2014-03-12,Present,
Brooklynn,,XOMG POP!,Band,Member,,2021-11-14,,
Dallas,,XOMG POP!,Band,Member,,2021-11-14,,
Kinley,,XOMG POP!,Band,Member,,2021-11-14,,
Kiya,,XOMG POP!,Band,Member,,2021-11-14,,
Leah,,XOMG POP!,Band,Member,,2021-11-14,,
Penelope,,XOMG POP!,Band,Member,,2021-11-14,,
Presley,,XOMG POP!,Band,Member,,2021-11-14,,
Tinie T,2012-02-20,XOMG POP!,Band,Member,,2021-11-14,Present,
Bella Cianni Llerena,2007-10-29,XOMG POP!,Band,Former Member,,2021,2022,
Brooklynn Pitts,2007-11-01,XOMG POP!,Band,Member,62,2021,Present,
Dallas Skye,2011-03-02,XOMG POP!,Band,Member,,2021,Present,
Kinley Cunningham,2011-07-26,XOMG POP!,Band,Member,51,2021,Present,
Kiya Barczyszyn,2010-05-24,XOMG POP!,Band,Former Member,,2021,2023,
Leigha Rose Sanderson,2006-06-10,XOMG POP!,Band,Former Member,62,2021,2023,
Penelope Robin,2007-05-20,XOMG POP!,Band,Member,,2023,Present,
Ginnifer Goodwin,,Zootopia 1,Movie,Actor,,,,
Idris Elba,,Zootopia 1,Movie,Actor,,,,
Jason Bateman,,Zootopia 1,Movie,Actor,,,,